Video ID,Title,Upload Date,Views,Likes,Dislikes,Comments
H3M0E-BNplQ,1 Hour of Happy Piano Cello Bells Music | Instrumental Christmas Music,2014-11-30 12:15:55+00:00,177597,1470,0,122
b5-KuJxRsWM,1 Hour of Happy Uplifting Fantasy Dance Music | Instrumental Music,2014-11-30 15:01:40+00:00,423087,2833,0,206
CMudINWFz00,1 Hour of Relaxing Violin Cello Piano Harp Flute Music | Long Instrumental Music,2014-12-01 21:09:33+00:00,81228,588,0,37
jQG53Su093Y,Sad Violin Piano Cello | Relaxing Instrumental Music,2014-12-03 12:33:08+00:00,406694,4060,0,142
6JiUEC3sx2w,3 Hours of Beautiful Cello Violin Piano Flute Music | Instrumental Music,2014-12-18 12:36:45+00:00,120069,814,0,32
ae7UcXlOIK0,2 Hours of Instrumental Christmas Music | Christmas Songs Playlist | Relaxing Piano Solo,2014-12-19 12:50:47+00:00,222294,772,0,31
UfiyfsbE8Ak,Beautiful Harp Flute Violin Piano Cello Music | Instrumental Music Playlist,2014-12-24 10:30:02+00:00,226634,1915,0,62
8yfHYNgEIMY,2 Hours of Sleep Music - Relaxing Calm Piano Music,2014-12-27 11:00:11+00:00,17330,114,0,8
FvZs47aMn7M,1 Hour of Beautiful Piano Music | Instrumental Music,2014-12-30 11:00:01+00:00,37636,278,0,14
pLhx8HuhYAs,Beautiful & Sad Violin Cello Piano Flute Music,2015-01-06 12:25:05+00:00,1860535,17715,0,471
cAUR4we6XNk,2 Hours of Sad Violin & Piano Music | Relaxing Music,2015-01-19 18:13:29+00:00,88022,610,0,24
hnVci7Z83ng,3 Hours of Relaxing Music | Romantic Piano Music | Meditation | Sleep | Study,2015-01-24 19:56:59+00:00,31178,216,0,16
AlVOQA1B7I0,Relaxing Music & Beautiful Nature Video,2015-02-01 14:56:24+00:00,34055,278,0,14
1JvvO6XprJU,1 Hour of Valentine's Day Music | Romantic Piano,2015-02-02 11:00:00+00:00,12640,96,0,7
Zyam6lIUJus,1 Hour of Piano Sleep Music | Relaxing & Calm,2015-02-06 11:00:11+00:00,23638,113,0,5
zjlkN7Oc8Co,Relaxing Romantic Guitar & Piano Music | Spa & Massage | Background Music,2015-02-07 11:00:05+00:00,7186,57,0,5
OYQDWptLf1g,Beautiful Flute Violin Cello Harp Piano | Instrumental Study Music,2015-02-08 09:00:00+00:00,44044,406,0,11
bGEUGPdBqhA,"Sleep Piano Music | Relaxing Background Music | Meditation, Relaxation, Spa, Massage & Yoga Music",2015-02-09 11:00:00+00:00,6018,61,0,11
yK7rZ-kpQM8,Instrumental Sleep Music | Relaxing Piano Guitar Harp Music,2015-03-02 22:59:54+00:00,10781,94,0,8
FeoTNw7PNyo,"Beautiful Instrumental Music & Nature Video | Violin, Guitar, Piano",2015-03-05 23:10:40+00:00,91441,533,0,16
eXHdiUFncTw,2 Hours of Beautiful Piano Music | Peaceful Relaxation,2015-03-07 11:36:44+00:00,9473,70,0,6
NWBcBOMxrXI,3 Hours of Relaxing Music | Piano | Ocean | Background Sleep Music,2015-03-21 16:56:29+00:00,24812,197,0,6
NCNJdluS0E8,3 Hours of Beautiful & Relaxing Harp Music | Soothing Relaxation,2015-03-24 13:45:15+00:00,40627,270,0,5
EcRiMc9t4wQ,"3 Hours of Beautiful Violin, Piano, Harp, Flute & Guitar Music | Instrumental Music Playlist",2015-03-26 18:46:49+00:00,327171,3544,0,117
MZ9ZQffNd7s,"Ocean Whisper ‚Ä¢ 3 Hours of Relaxing Sleep Music | Flute, Piano, Cello",2015-04-02 20:09:48+00:00,105226,766,0,18
JgMAZ7PHAKA,3 Hours of Soothing Music | Flute | Piano | Ocean | Background Sleep Music,2015-04-04 10:18:54+00:00,173572,1227,0,33
jEHQNlqCVsg,"3 Hours of Beautiful, Soothing & Relaxing Harp Music",2015-04-08 11:40:02+00:00,32937,180,0,4
my7cogQpr3g,3 Hours of Healing & Relaxing Harp Music | Beautiful Nature Videos,2015-04-20 21:20:33+00:00,30098,205,0,9
vRY54fwURRo,3 Hours of Relaxing Meditation Music | Calm Piano | Background Music,2015-05-02 10:08:08+00:00,36821,294,0,7
q5MrdCVTJbk,3 Hours of Wonderful & Relaxing Harp Music,2015-05-03 10:00:03+00:00,51042,346,0,9
YwvtlgPJObg,"3 Hours of Relaxing Background Music | Flute & Piano | Meditation, Sleep, Study, Spa, Relaxation",2015-05-09 10:21:14+00:00,36983,240,0,5
ixgIoBHqsxI,3 Hours of Relaxing Piano Music | Calm Background Music,2015-05-11 19:14:44+00:00,42843,310,0,20
Y7TLPTm6Y1w,"3 Hours of Beautiful & Relaxing Harp Music | Meditation, Sleep, Relaxation, Study, Spa",2015-05-14 14:18:48+00:00,168947,1040,0,53
bIPp8vyfixI,"3 Hours of Beautiful, Relaxing & Sad Violin Music",2015-05-15 10:00:01+00:00,374602,3425,0,134
hEnkPV6w91M,3 Hours of Beautiful Relaxing Piano & Cello Music,2015-05-16 10:00:00+00:00,1636789,12405,0,481
IdAw--4CJbU,3 Hours of Harp Music | Beautiful & Relaxing Background Music,2015-05-27 02:26:25+00:00,51765,303,0,17
f7kFhJJTjvY,"3 Hours of Instrumental Fantasy Music | Beautiful, Happy & Relaxing Mix",2015-06-02 09:28:08+00:00,498679,2776,0,102
HmN5KI7MgNs,3 Hours of Relaxing Fantasy Music | Harp Music & Flute Music,2015-06-06 21:23:27+00:00,1410694,8899,0,358
8lkT4kWpYDk,"Relaxing Piano Music: Sleep, Meditation & Relaxation | Instrumental Background Music",2015-07-30 13:10:10+00:00,63262,389,0,18
OvULNAJ8xcQ,"Relaxing Piano Music: Sleep, Meditation & Relaxation | Instrumental Background Music",2015-07-31 06:00:01+00:00,17737,173,0,2
fH7igVTRYic,"Relaxing Piano Music: Sleep, Meditation & Relaxation | Instrumental Background Music",2015-08-02 06:00:01+00:00,40215,290,0,6
pmeE3U931vg,3 Hours of Relaxing & Beautiful Piano Music,2015-08-13 21:59:40+00:00,51957,322,0,14
9DlD7-TykIU,3 Hours of Christmas Music | Traditional Instrumental Christmas Songs Playlist | Piano & Orchestra,2015-11-20 18:10:10+00:00,49145999,246303,0,11735
U6rMGcYY73U,"1 Hour of Relaxing Christmas Music: O Holy Night | Relaxation, Sleep & Meditation ‚òÖ3",2015-11-24 01:00:00+00:00,410362,2322,0,111
B21LvMsSpZ0,"Relaxing Piano Music: Relaxation, Sleep, Meditation & Background ‚òÖ4",2015-11-24 18:15:29+00:00,28862,200,0,8
tm4WwrpBrOk,Amazing Grace | Relaxing Harp Music | Instrumental Traditional Music ‚òÖ9,2015-12-01 17:00:04+00:00,1030544,7644,0,252
_DF3j6c_FOc,"Relaxing Winter Piano Music: Meditation, Sleep, Relaxation & Background ‚òÖ10",2015-12-02 17:00:03+00:00,534864,2767,0,91
1K2Bad8saXM,Shenandoah | Relaxing Harp Music | Instrumental Traditional Music ‚òÖ11,2015-12-03 17:00:00+00:00,28956,259,0,11
my_7yrbUd_4,"1 Hour of Relaxing Sleep Music: Deep Sleep, Instrumental Sleeping Music ‚òÖ12",2015-12-04 17:00:02+00:00,16802,115,0,6
4dkqkF0HvOY,2 Hours of Relaxing Indian Flute Music | Instrumental Meditation Music ‚òÖ13,2015-12-05 17:00:01+00:00,119245,588,0,15
-BvhR1M2K9Q,"1 Hour of Beautiful Relaxing Harp Music | Meditation, Sleep & Relaxation ‚òÖ14",2015-12-06 17:00:01+00:00,70821,368,0,8
Jg6a6RfP1dY,"1 Hour of Relaxing Sleep Music: Piano, Flute, Guitar & Deep Atmosphere ‚òÖ16",2015-12-08 17:00:00+00:00,101592,795,0,37
xxueH1QaRMM,Pachelbel's Canon In D | Relaxing Harp Music | Beautiful Classical Music ‚òÖ19,2015-12-11 17:00:03+00:00,660042,5395,0,190
xxueH1QaRMM,Pachelbel's Canon In D | Relaxing Harp Music | Beautiful Classical Music ‚òÖ19,2015-12-11 17:00:03+00:00,660042,5395,0,190
jwUCuQaN3o0,"1 Hour of Relaxing Sleep Music: Deep Sleep, Instrumental Sleeping Music ‚òÖ20",2015-12-12 17:00:02+00:00,128161,626,0,20
u3DAlpGchio,"1 Hour of Relaxing Sleep Music: Deep Sleep, Instrumental Sleeping Music ‚òÖ1",2015-12-15 17:00:02+00:00,131707,636,0,24
3vCI07NTyeE,"Relaxing Piano Music: Relaxation, Yoga, Spa, Massage & Background ‚òÖ25",2015-12-18 17:00:00+00:00,17978,201,0,5
C5dOIYD7TeU,"1 Hour of Relaxing Piano Music: Relaxation, Yoga, Spa, Massage & Background ‚òÖ26",2015-12-19 21:49:17+00:00,182602,1204,0,41
8tEuTzFnY7o,"1 Hour Relaxing Indian Flute Music | Background Music For Meditation, Yoga, Spa, Massage & Sleep ‚òÖ27",2015-12-22 15:55:20+00:00,124237,1061,0,36
B630US7UG_s,"1 Hour Relaxing Piano Music: Relaxation, Yoga, Spa, Massage & Background ‚òÖ28",2015-12-23 11:21:59+00:00,28828,268,0,13
9MVRQeYrpY8,"3 Hours of Relaxing Flute Music for Meditation, Sleep, Spa, Yoga & Study ‚òÖ27",2016-03-20 00:04:37+00:00,62820,440,0,16
9hRZT-6XmmY,"3 Hours of Beautiful Relaxing Instrumental Music - Study, Relax, Background ‚òÖ31",2016-03-20 01:20:24+00:00,145757,1083,0,42
lVSuhs3whX4,3 Hours of Relaxing Soft Calm Piano Music - Morning Background ‚òÖ33,2016-04-17 06:00:04+00:00,39799,252,0,21
w1MkdRWHxeM,"Relaxing Guitar Music: Soft Music, Peaceful Music, Soothing Music, Healing Music ‚òÖ34",2016-04-17 23:12:37+00:00,50155,361,0,43
MvoXi9d5wkk,"3 Hours of Relaxing Guitar Music for Meditation, Sleep, Relaxation & Study | Instrumental Music ‚òÖ36",2016-04-20 15:00:01+00:00,34950,356,0,11
I0MtEhP64ow,"Relaxing Piano Music: Sleep Music, Meditation Music, Study Music, Soothing Music ‚òÖ39",2016-04-23 15:00:01+00:00,124793,888,0,96
VMoMyKmuDV8,"Relaxing Flute Music: Yoga Music, Sleep Music, Meditation Music, Study Music ‚òÖ42",2016-04-27 06:00:00+00:00,410840,2425,0,112
ubRs2zzfzWg,Beautiful Night: Gentle Piano Music For Peaceful Sleep ‚òÖ43,2016-04-27 23:26:10+00:00,271117,2162,0,94
UUnQSc_2Ew0,"Relaxing Sleep Music: Deep Sleeping Music, Fall Asleep, Instrumental Meditation Music ‚òÖ44",2016-04-29 00:34:25+00:00,3002093,19246,0,657
LkhDc14tHd4,"Go To Sleep: Piano Sleep Music, Sleeping Music, Soothing Relaxation ‚òÖ45",2016-05-02 13:37:46+00:00,556523,14366,0,103
KtV_GtMnS9k,"Relaxing Flute Music: Meditation, Sleep, Yoga, Study | Instrumental Background Music ‚òÖ46",2016-05-03 08:00:00+00:00,28076,273,0,10
U5OHcZxaxsw,"Soothing Relaxation ‚Ä¢ Relaxing Piano Music for Sleep, Relaxation & Meditation",2016-05-04 07:52:27+00:00,95765,764,0,24
IlZplJQDaxI,"Relaxing Piano Music: Sleep Music, Meditation Music, Beautiful Relaxing Music ‚òÖ48",2016-05-05 08:00:02+00:00,239395,1939,0,98
7TO_oHxuk6c,"The Sea: Relaxing Harp Music For Sleep, Meditation & Spa",2016-05-05 22:10:42+00:00,32058641,200401,0,7569
7TO_oHxuk6c,"The Sea: Relaxing Harp Music For Sleep, Meditation & Spa",2016-05-05 22:10:42+00:00,32058641,200401,0,7569
vDyfzZ-BKnk,"Relaxing Piano Music: Study, Sleep, Meditation | Instrumental Background Music ‚òÖ39",2016-05-07 16:13:00+00:00,22886,192,0,3
g_Uz5Ak_WOw,"6 Hours of Relaxing Meditation Music: Flute Music, Soothing Background Music, Sleep Music ‚òÖ42",2016-05-08 10:49:04+00:00,64268,445,0,18
pf0leMnOYm0,"6 Hours of Relaxing Sleep Music: Soothing Piano Music, Fall Asleep Fast, Sleeping Music ‚òÖ45",2016-05-11 16:21:53+00:00,191909,1652,0,26
SkogDQkeGVs,"Relaxing Guitar Music: Sleep, Meditation, Spa, Study | Instrumental Background Music ‚òÖ52",2016-05-12 17:17:25+00:00,2779259,23708,0,733
n3McD-676Jw,Purple Flowers: Beautiful Harp Music For Deep Sleep,2016-05-12 22:00:01+00:00,5998834,32210,0,1001
nPllfRswd4A,[NO ADS] Dream of Winter: Melodic Ambient Music for Deep Sleep & Meditation,2016-05-13 12:13:45+00:00,844218,5460,0,206
J8fxDDCMZXY,"6 Hours of Relaxing Sleep Music: Calm Piano Music, Fall Asleep Fast, Sleeping Music ‚òÖ47",2016-05-14 08:00:01+00:00,64167,534,0,24
caBo7Wl4_4g,"Relaxing Harp Music: Stress Relief, Sleep, Meditation, Spa | Instrumental Background Music ‚òÖ54",2016-05-14 23:54:37+00:00,36832,429,0,12
dCvEgqePl84,"Relaxing Harp Music: Sleep Music, Meditation Music, Spa Music, Instrumental Background Music ‚òÖ49",2016-05-16 08:00:01+00:00,15784281,117107,0,4645
_zlyypQ3Xfk,"Relaxing Piano Music: Sleep, Meditation, Study, Yoga | Instrumental Background Music ‚òÖ55",2016-05-16 08:00:01+00:00,163094,1641,0,40
WoqbN-G_i4U,"Relaxing Harp Music: Calm, Soothing, Soft, Ocean Nature Sounds | Instrumental Background Music ‚òÖ56",2016-05-16 22:00:00+00:00,425072,2443,0,77
hECE-AbNzc0,"Relaxing Piano Music: Sleep, Meditation, Study, Yoga | Instrumental Background Music ‚òÖ57",2016-05-18 15:07:59+00:00,79353,600,0,19
p6wFbdU4Tpc,"Relaxing Harp Music: Stress Relief, Sleep, Meditation, Spa | Instrumental Background Music ‚òÖ53",2016-05-18 22:26:12+00:00,2230630,12230,0,447
UFLyhzlG8FQ,"Romantic Relaxing Music: Stress Relief, Meditation, Study, Sleep, Beautiful Piano Instrumental ‚òÖ58",2016-05-19 14:22:28+00:00,2553152,18356,0,662
oFpzkqUEuuc,"Relaxing Harp Music: Sleep, Meditation, Spa, Study | Instrumental Background Music ‚òÖ50",2016-05-20 08:00:01+00:00,242821,2532,0,79
tBqNFDZKF8s,"Relaxing Sleep Music: Harp Music, Sleeping, Fall Asleep, Beat Insomnia, Soft, Calm, Soothing ‚òÖ59",2016-05-26 22:46:11+00:00,153094,1077,0,50
jVn1cwtYTkw,"Relaxing Harp Music: Study, Relaxation, Meditation, Sleep | Instrumental Background Music ‚òÖ60",2016-05-28 01:47:16+00:00,27835,230,0,18
jOhRqPcVbBs,"Relaxing Harp Music: Sleep, Meditation, Study, Nature Sounds | Instrumental Background Music ‚òÖ56",2016-05-28 23:19:09+00:00,48461,255,0,10
lW_vT5h-WK4,"Fantasy Harp Music: Study, Sleep, Meditation, Spa  | Beautiful Relaxing Background Music ‚òÖ61",2016-05-30 00:40:36+00:00,505013,3693,0,100
tfN_I7Sj2x4,Sunset: Soothing Harp Music For A Relaxed Mind,2016-06-06 17:29:03+00:00,963136,5899,0,159
xUO5cuy4NZA,"Fantasy Harp Music: Study, Sleep, Meditation, Spa  | Beautiful Relaxing Background Music ‚òÖ61",2016-06-12 07:47:22+00:00,48524,520,0,20
50I2msq19ek,"Relaxing Harp Music: Sleep, Meditation, Spa, Study | Calming Instrumental Background Music ‚òÖ64",2016-06-15 18:00:30+00:00,23194,143,0,13
34DKWKaBwwA,"Relaxing Harp Music: Sleep, Meditation, Spa, Study | Soothing Instrumental Background Music ‚òÖ65",2016-06-16 12:50:20+00:00,34639,252,0,5
FcMNYe4Q_f4,Beautiful & Relaxing Harp Music | 1 Hour of Instrumental Music,2016-06-17 09:36:51+00:00,227949,1276,0,46
1UfeTKr9Jg8,"Soothing Sleep Music: Relaxing Harp Music, Sleeping, Calming, Fall Asleep, Beat Insomnia‚òÖ66",2016-06-18 02:00:30+00:00,22281,191,0,7
EBJu8-JpoXM,"Soothing Sleep Music: Relaxing Harp Music, Sleeping, Calming, Fall Asleep, Beat Insomnia ‚òÖ67",2016-06-18 22:00:30+00:00,29781,261,0,8
muKqSWnFr6M,Sleep With Calm Harp Music & Water Sounds For 8 Hours,2016-06-23 10:02:23+00:00,229131,1796,0,50
P7dF3e1YRFo,"Soothing Sleep Music: Relaxing Harp Music, Sleeping, Calming, Fall Asleep, 8 Hours Instrumental ‚òÖ67",2016-06-29 08:14:48+00:00,920672,7794,0,294
We_g94512fQ,"Instrumental Beautiful Music: Violin Music, Cello Music, Guitar Music, Flute Music, Piano Music",2016-06-30 18:01:03+00:00,240938,2533,0,55
1ZYbU82GVz4,"Flying: Relaxing Sleep Music ‚Ä¢ Deep Sleeping Music, Relaxing Music, Stress Relief, Meditation Music",2016-07-03 17:09:48+00:00,420698025,2522718,0,135586
9WMA_LEqWHw,"Relaxing Harp Music: Stress Relief, Sleep, Meditation, Spa | Instrumental Background Music ‚òÖ69",2016-07-04 18:50:21+00:00,231141,1535,0,43
d24S9DSLV-k,"Relaxing Harp Music: Stress Relief, Sleep, Meditation, Spa | Instrumental Background Music ‚òÖ71",2016-07-06 15:00:02+00:00,58613,468,0,15
mEOmbpC_eCM,"Relaxing Sleep Music: Meditation Music, Sleeping Music, Harp Music ‚òÖ72",2016-07-07 16:59:36+00:00,113024,940,0,45
x4Gyb1G_BAQ,"Relaxing Music: Stress Relief, Meditation, Study, Sleep, Beautiful Nature | Piano Instrumental ‚òÖ58",2016-07-09 04:00:00+00:00,203274,1644,0,50
ALzfSudvtSo,"Relaxing Harp Music: Sleep, Meditation, Spa, Study | Soothing Instrumental Background Music ‚òÖ63",2016-07-09 20:29:58+00:00,150994,965,0,38
Gq0gtqdVWSo,"6 Hours of Relaxing Sleep Music: Meditation Music, Sleep Music, Relaxation Music, Flute Music ‚òÖ27",2016-07-10 12:41:51+00:00,426988,2987,0,98
52JgHOkDFK0,"Relaxing Piano Music: Sleep, Meditation, Study, Yoga | Instrumental Background Music ‚òÖ57",2016-07-10 22:10:54+00:00,192769,1020,0,22
MN_JP4gyBNI,Flying: Sleep with Deep & Relaxing Meditation Music for 6 Hours,2016-07-11 07:00:00+00:00,42101536,195670,0,9524
MN_JP4gyBNI,Flying: Sleep with Deep & Relaxing Meditation Music for 6 Hours,2016-07-11 07:00:00+00:00,42101536,195670,0,9524
Ri3WsPDi4MY,"Beautiful Relaxing Music: Romantic Music, Piano Music, Guitar Music, Instrumental Music ‚òÖ73",2016-07-11 23:06:07+00:00,35587564,202111,0,6424
MAvHJCModP0,Romantic Relaxing Music: Beautiful Piano Guitar Music | Instrumental Background Music ‚òÖ73,2016-07-14 15:00:03+00:00,347072,1898,0,66
oKBQkhgY6_s,"Relaxing Harp Music: Stress Relief, Sleep, Meditation, Spa | Instrumental Background Music ‚òÖ71",2016-07-15 10:39:14+00:00,31644,247,0,9
aXYtJB7Qslk,"Beautiful Relaxing Music - Romantic Music with Piano, Cello, Guitar & Violin | ""Autumn Colors""",2016-07-18 18:00:01+00:00,59234387,378591,0,16557
KESgajDvRag,"Relaxing Harp Music: Sleep, Meditation, Spa, Study | Instrumental Background Music ‚òÖ75",2016-07-18 23:37:48+00:00,52958,364,0,13
kqA5Y_tpbAw,"Relaxing Piano Music: Study Music, Relaxing Music, Meditation Music, Soothing Music, Soft Music ‚òÖ76",2016-07-21 18:44:43+00:00,398929,2338,0,84
WI1xExDWVF0,"Relaxing Piano Music: Sleep Music, Meditation Music, Soothing Music, Calming Music ‚òÖ77",2016-07-23 10:54:37+00:00,15253822,89039,0,3754
Kad5ZP0unoY,"Beautiful Relaxing Music - Piano, Cello & Guitar Music by Soothing Relaxation",2016-07-24 00:20:10+00:00,15848984,88568,0,3202
1cMPgjY_abI,"Relaxing Piano Music: Sleep Music, Meditation Music, Spa Music, Study Music ‚òÖ78",2016-07-24 09:32:07+00:00,275488,1897,0,41
GazfHKZ1lBA,"Relaxing Piano Music: Meditation Music, Sleep Music, Relaxing Music, Calming Music ‚òÖ79",2016-07-25 15:33:40+00:00,2304666,15892,0,748
GazfHKZ1lBA,"Relaxing Piano Music: Meditation Music, Sleep Music, Relaxing Music, Calming Music ‚òÖ79",2016-07-25 15:33:40+00:00,2304666,15892,0,748
K3JlhMTveew,"Relaxing Harp Music: Sleep Music, Meditation Music, Soothing Music, Nature Sounds ‚òÖ80",2016-07-26 09:37:16+00:00,146363,1053,0,52
hWtT3EQQCzc,"Relaxing Study Music: Studying Music, Concentration Music for Focus, Background Piano Music ‚òÖ76",2016-07-27 12:44:24+00:00,122402,1044,0,40
v2GuGMzsUuo,"Relaxing Harp Music: Stress Relief, Soothing Music, Peaceful Music, Calming Music, Nature Sounds ‚òÖ81",2016-07-28 09:48:16+00:00,177644,1323,0,48
sguKvT3S06E,"Relaxing Harp Music: Sleep Music, Meditation Music, Sleeping Music, Nature Sounds ‚òÖ83",2016-07-30 10:00:01+00:00,45437,343,0,17
hV0m-2vn0bI,"""Purple Flowers"" - Relaxing Harp Music Album",2016-07-30 16:02:06+00:00,21524,110,0,10
0QpjqwBbDuc,Soothing Harp Music For A Peaceful Night's Rest,2016-08-01 17:14:46+00:00,53856,416,0,24
cXH1ugjl8-o,"""The Old Tree"" ‚Ä¢ Relaxing Harp Music by Peder B. Helland",2016-08-03 18:14:51+00:00,4057342,45795,0,1498
hz9nejqxrbg,"6 Hours of Relaxing Sleep Music: Fall Asleep Fast, Soft Piano Music, Sleeping Music ‚òÖ78",2016-08-04 09:14:37+00:00,227256,1716,0,52
hZ92_xPKSq8,Mysterious Fantasy Music ‚Ä¢ Peaceful Harp & Flute Music with Birds Singing,2016-08-05 09:45:57+00:00,14560518,109446,0,3676
1vZUVuB0ICo,"6 Hours of Relaxing Sleep Music: Soothing Harp Music, Fall Asleep Fast, Sleeping Music ‚òÖ80",2016-08-07 10:00:01+00:00,515959,3558,0,138
LYRyqoGH7yI,"Relaxing Fantasy Music: Soothing Sleep Music, Peaceful Music, Calming Harp Music ‚òÖ88",2016-09-01 21:22:40+00:00,2761055,21371,0,840
9Q634rbsypE,"Always: Relaxing Piano Music, Romantic Music, Beautiful Music, Soothing Sleep Music, Relaxing Music",2016-09-11 16:33:26+00:00,73940382,519705,0,24383
LwpsCq-tgIU,"Relaxing Sleep Music: Piano Music, Calming Music, Soothing Sleeping Music ‚òÖ90",2016-09-16 22:30:12+00:00,124843,960,0,35
BiqlZZddZEo,Dance of Life: Relaxing Fantasy Music for Relaxation & Meditation,2016-09-17 18:00:01+00:00,62387745,572457,0,22569
wC4wECRuA-U,"Relaxing Piano Music ‚Ä¢ Romantic Beautiful Music, Relaxation Music, Sleep Music #92",2016-09-25 09:14:46+00:00,12613211,87186,0,2476
wC4wECRuA-U,"Relaxing Piano Music ‚Ä¢ Romantic Beautiful Music, Relaxation Music, Sleep Music #92",2016-09-25 09:14:46+00:00,12613211,87186,0,2476
pRAezlFcDwc,"Beautiful Relaxing Music ‚Ä¢ Romantic Music, Piano Music, Violin Music, Cello Music, Sleep Music #93",2016-10-01 19:49:05+00:00,33056965,223672,0,7400
QGwQ5ia4VYY,"Relaxing Piano Music: Beautiful Meditation Music, Calming Sleep Music, Study Music ‚òÖ94",2016-10-04 07:53:06+00:00,1237155,9335,0,459
gsysN_J8Wsg,"Relaxing Piano Music ‚Ä¢ Sleep Music, Meditation Music, Background Music, Study Music #96",2016-10-06 07:44:02+00:00,1073490,7276,0,265
ivLG77Dgf94,"Relaxing Piano Music ‚Ä¢ Peaceful Music for Sleep, Meditation, Relaxation & Studying #97",2016-10-07 01:59:58+00:00,2938323,19573,0,642
IE-0LlQjF1M,Download my music,2016-10-08 14:25:57+00:00,254137,1467,0,98
IE-0LlQjF1M,Download my music,2016-10-08 14:25:57+00:00,254137,1467,0,98
s-OFsGeiCpo,"Relaxing Sleep Music ‚Ä¢ Soft Piano Music for Yoga, Meditation, Sleep and Relaxation #98",2016-10-09 21:30:29+00:00,6425908,34488,0,1647
s-OFsGeiCpo,"Relaxing Sleep Music ‚Ä¢ Soft Piano Music for Yoga, Meditation, Sleep and Relaxation #98",2016-10-09 21:30:29+00:00,6425908,34488,0,1647
IuQIuf8HIQU,"Relaxing Piano Music ‚Ä¢ ""A Long Time Ago""",2016-10-11 14:42:29+00:00,811019,5714,0,316
_CQrhQFjMDo,Thank you gift (50 000 subscribers),2016-10-22 19:39:51+00:00,25570,466,0,49
AV81KkVVTHE,"[NO ADS] Relaxing Piano Music ‚Ä¢ Soft Sleep Music, Sleeping Music, Spa Music, Meditation Music",2016-10-23 15:17:31+00:00,949152,7226,0,368
ZR38JWEsSD0,"Beautiful Romantic Music: Relaxing Music, Piano Music, Violin Music, Guitar Music, Sleep Music ‚òÖ101",2016-11-07 15:15:26+00:00,17981932,125539,0,4959
YV-5SqpjBII,"Relaxing Piano Music ‚Ä¢ Soft Sleep Music, Water Sounds, Meditation Music, Relaxing Music",2016-11-08 12:55:10+00:00,12110233,77593,0,4079
xoOaI4wbxCI,"Beautiful Romantic Music ‚Ä¢ Relaxing Music, Guitar Music, Violin Music, Cello Music, Piano Music",2016-11-24 15:35:17+00:00,7443470,51169,0,2181
xoOaI4wbxCI,"Beautiful Romantic Music ‚Ä¢ Relaxing Music, Guitar Music, Violin Music, Cello Music, Piano Music",2016-11-24 15:35:17+00:00,7443470,51169,0,2181
OcICh_6rNfg,"Relaxing Sleep Music ‚Ä¢ Deep Sleeping Music, Fall Asleep Fast, Soft Piano Music, Ocean Waves",2016-12-01 15:55:18+00:00,11713370,76861,0,3985
857bt64SomQ,"8 Hours of Relaxing Sleep Music: Soft Piano Music, Sleeping Music, Meditation Music, Fall Asleep ‚òÖ89",2016-12-11 23:34:57+00:00,46532237,300533,0,22576
M0bGJd0p7_M,"8 Hours of Soft Sleep Music ‚Ä¢ Relaxing Piano Music, Deep Sleeping Music, Meditation Music #102",2016-12-21 00:05:44+00:00,5089620,26856,0,1189
Gq3mW43kpkU,Beautiful Relaxing Music ‚Ä¢ Romantic Japanese Music for Relaxation,2016-12-30 11:31:49+00:00,6706791,51376,0,1969
it91X8evJLE,"8 Hours of Relaxing Sleep Music ‚Ä¢ Deep Sleeping Music, Fall Asleep Fast, Soft Piano Music",2017-01-03 12:40:04+00:00,3562063,22371,0,1509
6WZdMKYzWnk,"Relaxing Piano Music: Soft Sleep Music, Water Sounds, Spa Music, Yoga Music ‚òÖ107",2017-01-08 18:42:29+00:00,570669,3773,0,314
zzQybw837yY,"Relaxing Sleep Music: Soft Piano Music, Fall Asleep, Spa Music, Sleeping Music ‚òÖ100",2017-01-15 01:42:33+00:00,2846446,17050,0,660
0Q2DDDREAJc,"8 Hours of Sleep Music: Relaxing Piano Music, Sleeping Music, Meditation Music ‚òÖ96",2017-05-11 07:34:50+00:00,2126404,13337,0,725
4tTcrrYNQFc,"Relaxing Sleep Music: Rain, Flute Music, Sleeping Music, Relaxing Music ‚òÖ7üçÄ",2017-05-12 22:57:48+00:00,122559,970,0,61
77ZozI0rw7w,"Soothing Relaxation: Relaxing Piano Music, Sleep Music, Water Sounds, Relaxing Music, Meditation",2017-05-20 00:59:38+00:00,211693383,1075135,0,44593
SI8KigA3vJM,Bamboo Water Fountain and Healing Piano Music,2017-05-25 14:41:49+00:00,8393707,50354,0,1781
UONvpzG7yjo,"Relaxing Sleep Music ‚Ä¢ Deep Sleeping Music, Fall Asleep, Meditation Music #44",2017-05-30 20:17:04+00:00,46680009,303829,0,11459
K3_xU2vT-SA,"Relaxing Piano Music: Water Sounds, Sleep Music, Fall Asleep Fast, Relaxing Music ‚òÖ89üçÄ",2017-06-01 17:34:39+00:00,2539659,19383,0,1019
9oQj5PbwcBA,"Relaxing Sleep Music: Water Sounds, Sleeping Music, Relaxing Music, Meditation Music ‚òÖ88üçÄ",2017-06-06 01:47:04+00:00,233052,1658,0,91
AWhUz-0cDgE,"Relaxing Sleep Music: Relaxing Music, Sleeping Music, Meditation Music, Study Music ‚òÖ108",2017-06-28 22:02:01+00:00,251335,2181,0,146
gpB4mBE94nE,"Relaxing Piano Music: Relaxing Music, Sleep Music, Meditation Music, Spa Music ‚òÖ109",2017-07-01 07:00:03+00:00,7962216,33455,0,1035
7OvMXwjEpIk,"Relaxing Zen Music with Bamboo Water Sounds ‚Ä¢ Yoga, Massages & Mindfulness",2017-07-01 14:44:02+00:00,1271155,7300,0,368
kll9OLmnvYU,"Peaceful Zen Music for Spa ‚Ä¢ Bamboo Water Sounds ‚Ä¢ Yoga, Massages & Mindfulness",2017-07-01 19:55:17+00:00,217322,1576,0,83
3wxb6kYaUYU,"Relaxing Piano Music: Water Sounds, Sleep Music, Sleeping Music, Relaxing Music ‚òÖ77üçÄ",2017-07-02 08:57:31+00:00,1542184,11257,0,627
w-Rpa9TeKGc,"Relaxing Piano Music: Water Sounds, Relaxing Music, Sleep Music, Fall Asleep, Spa Music ‚òÖ112",2017-07-03 16:14:06+00:00,5362962,20909,0,891
6SX29r5XfX4,"Relaxing Guitar Music: Piano Music, Relaxing Music, Sleep Music, Instrumental Music ‚òÖ113",2017-07-04 08:46:53+00:00,429454,3123,0,147
r6KnUmrA0d8,"Beautiful Relaxing Music: Romantic Music, Piano Music, Violin Music, Cello Music ‚òÖ115",2017-08-06 14:34:15+00:00,571216,4690,0,248
80offJcbjP0,"Relaxing Piano Music: Sleep Music, Water Sounds, Relaxing Music, Spa Music ‚òÖ117",2017-08-21 11:57:42+00:00,11998092,58429,0,2429
8T-4m6qEEds,"Relaxing Sleep Music: Deep Sleeping Music, Relaxing Music, Thunder & Rain, Piano Music ‚òÖ118",2017-08-22 06:02:21+00:00,5481986,38639,0,1579
OKdvyiuJLes,"Relaxing Harp Music: Rain & Thunder, Sleep Music, Relaxing Music, Sleeping Music, Fall Asleep ‚òÖ120",2017-08-24 03:26:39+00:00,870818,6972,0,327
Ern8qUpJzVk,Relaxing Fantasy Music ‚Ä¢ Calm Harp Music for Sleep and Stress Relief (Forest Whisper),2017-08-24 12:29:06+00:00,3687035,35393,0,1251
hsGOT_0L16U,"8 Hours of Relaxing Sleep Music ‚Ä¢ Sleeping Music, Relaxing Music, Fall Asleep Fast",2017-08-25 11:03:52+00:00,91605483,484534,0,33371
V6R8uiaMtb0,"8 Hours of Mysterious Relaxing Music ‚Ä¢ Harp, Flute, Piano & Strings for Sleep & Meditation",2017-08-27 20:25:11+00:00,11879210,96459,0,3555
HnPJ5N3Ka7A,"Relaxing Sleep Music: Deep Relaxing Music, Beautiful Nature, Meditation Music, Sleeping Music ‚òÖ121",2017-09-10 17:43:46+00:00,4166925,37853,0,1615
3NycM9lYdRI,"Relaxing Piano Music: Romantic Music, Beautiful Relaxing Music, Sleep Music, Stress Relief ‚òÖ122",2017-09-11 09:06:45+00:00,141034005,825774,0,28635
v5o8GJ3npTw,Ancient Forest ‚Ä¢ Calming Fantasy Music for Sleep & Relaxation,2017-09-12 12:16:18+00:00,4203951,38198,0,1665
XEfDYMngJeE,"Beautiful Relaxing Music ‚Ä¢ Norwegian Nature & Violin, Flute, Piano & Harp Music",2017-09-24 00:29:32+00:00,16280548,128418,0,5643
7ucCYAuMsh0,"Relaxing Piano Music: Sleep Music, Beautiful Nature, Deep Sleeping Music, Fall Asleep Fast ‚òÖ125",2017-10-03 14:22:29+00:00,1649712,12768,0,623
SYkJED5mZgM,"Relaxing Music and Rain ‚Ä¢ Deep Sleep Music, Piano Music, Meditation Music, Study Music #126",2017-10-15 20:18:56+00:00,8323505,62199,0,2985
DxXzonJaQvQ,[NO ADS] Breathe: Relaxing Music & No Ads For Sleep & Relaxation With Ocean Waves,2017-11-06 15:51:18+00:00,1338678,8616,0,519
EQ205a0P10Y,"9 Hours of Relaxing Sleep Music ‚Ä¢ Soft Piano Music, Fall Asleep Fast #98",2017-11-22 01:02:29+00:00,8095667,43910,0,1736
l_HViOvQfFc,"Relaxing Piano Music: Sleep Music, Water Sounds, Meditation Music, Relaxing Music ‚òÖ45üçÄ",2017-11-22 20:23:39+00:00,850263,4895,0,212
eiV0nvJ9fRM,"7 Hours of Relaxing Sleep Music ‚Ä¢ Soft Piano Music, Sleeping Music, Sweet Dreams #122",2017-11-24 17:25:48+00:00,25522645,138522,0,6028
mXjU_Tu4TbI,"Relaxing Piano Music ‚Ä¢ ""Together"" (Long Version) by Peder B. Helland",2017-12-15 06:00:00+00:00,7631151,40092,0,1906
8pnaF7f1GgQ,"Relaxing Piano Music: Sleep Music, Relaxing Music, Soft Sleeping Music, Fall Asleep ‚òÖ129",2017-12-16 17:42:34+00:00,1278717,8896,0,372
bqWDLQVpHzk,"Sleep Music to Fall Asleep Fast: Relaxing Music, Stress Relief, Sleeping Music ‚òÖ130",2017-12-28 21:49:55+00:00,12563032,90219,0,5486
bqWDLQVpHzk,"Sleep Music to Fall Asleep Fast: Relaxing Music, Stress Relief, Sleeping Music ‚òÖ130",2017-12-28 21:49:55+00:00,12563032,90219,0,5486
U3I3nsbmzQE,"9 Hours of Relaxing Sleep Music: Calm Piano Music, Sleeping Music, Fall Asleep Fast ‚òÖ119",2018-01-05 01:26:03+00:00,4646061,29539,0,1589
xTd3gAfIa7k,"9 Hours of Relaxing Sleep Music: Calm Piano Music, Water Sounds, Sweet Dreams, Fall Asleep ‚òÖ112",2018-01-17 17:08:08+00:00,6211608,38924,0,2572
H8mWdF-UJiI,"9 Hours of Relaxing Sleep Music: Rain, Thunder, Deep Sleeping Music, Fall Asleep Fast ‚òÖ118",2018-01-18 13:27:52+00:00,9586451,64827,0,3012
gzHpGAJXwqU,"Relaxing Piano Music: Sleep Music, Fall Asleep Fast, Deep Sleeping Music, Sweet Dreams  ‚òÖ131",2018-01-19 11:35:22+00:00,168434,1592,0,85
De38KIayYY4,"9 Hours of Relaxing Piano Music ‚Ä¢ Beautiful Sleep Music (""Our Future (Piano Version)"")",2018-01-20 11:32:16+00:00,10680452,62216,0,2352
HCFNiBh0vVs,"9 Hours of Relaxing Piano Music: Sleep Music, Study Music, Meditation Music, Relaxing Music ‚òÖ97",2018-01-21 16:02:05+00:00,3009004,19115,0,609
Jum_lYvW3q4,[NO ADS] Relaxing Sleep Music for Deep Relaxation & Rest by Peder B. Helland,2018-01-22 17:34:09+00:00,2918748,20315,0,1367
Sg-ucNFd_0s,"Beautiful Piano Music: Relaxing Music, Romantic Music, Sleep Music, Study Music ‚òÖ132",2018-01-24 17:23:11+00:00,49875768,250930,0,9793
lCOF9LN_Zxs,"Beautiful Piano Music, Vol. 1 | Relaxing Music for Focus, Sleep & Relaxation by Peder B. Helland",2018-01-30 13:23:06+00:00,124648069,1244156,0,40046
7CrgjcQsoYo,"9 Hours of Relaxing Music - Beautiful Piano Music, Sleep Music, Soothing Relaxation",2018-02-04 08:59:05+00:00,2317581,14065,0,515
cUY3QEleIjQ,Bright Future - AVAILABLE NOW | Relaxing Piano Music Album,2018-03-01 12:03:40+00:00,198815,2679,0,176
FfdIpDNV_TQ,"Fall Asleep Quickly ‚Ä¢ Deep Sleep Music, Meditation Music, Relaxing Music, Sleeping Music",2018-03-07 21:28:27+00:00,14979118,89652,0,3472
FfdIpDNV_TQ,"Fall Asleep Quickly ‚Ä¢ Deep Sleep Music, Meditation Music, Relaxing Music, Sleeping Music",2018-03-07 21:28:27+00:00,14979118,89652,0,3472
vCQTiI_ESl0,"Fall Asleep Fast: Deep Relaxing Music, Sleep Music, Meditation Music, Sleeping Music ‚òÖ135",2018-03-30 20:16:54+00:00,8908761,45621,0,1739
OeHLHNKQCXA,"8 Hours of Beautiful Piano Music ‚Ä¢ Sleep Music, Fall Asleep, Relaxing Sleeping Music",2018-04-01 22:05:11+00:00,55334717,400634,0,20371
OeHLHNKQCXA,"8 Hours of Beautiful Piano Music ‚Ä¢ Sleep Music, Fall Asleep, Relaxing Sleeping Music",2018-04-01 22:05:11+00:00,55334717,400634,0,20371
hqjEDPikgAs,"Relaxing Piano Music: Beautiful Music, Romantic Music, Relaxing Music, Sleep Music ‚òÖ136",2018-04-05 21:41:21+00:00,280658,2200,0,189
58GQx4xEdlY,Beautiful Day ‚Ä¢ Romantic and Beautiful Piano Music for Relaxation,2018-04-09 08:52:20+00:00,19310229,106193,0,4101
PgkvwG971hw,Ocean Waves: Sleep With Relaxing Music Under The Moon,2018-04-19 18:12:34+00:00,76334321,518821,0,23055
j7ZuygpYD4k,"Beautiful Piano Music: Romantic Music, Relaxing Music, Sleep Music, Study Music ‚òÖ139",2018-04-24 08:08:35+00:00,274379,2639,0,208
cC0fSA7SNQ8,The Small Pond: Relaxing In A Nature Oasis With Harp Music,2018-04-28 07:45:14+00:00,418926,3551,0,249
sAYJwKU81Iw,"Beautiful Piano Music, Vol.2 | Relaxing Music by Peder B. Helland",2018-04-29 21:54:22+00:00,6750813,67936,0,1958
_XRZMKW6xGI,Feelings (Extended) | Relaxing Romantic Music by Peder B. Helland,2018-05-06 18:08:28+00:00,3742447,24009,0,814
L6VBHflOeuY,"Sleep Music for 8 Hours ‚Ä¢ Ocean Waves, Fall Asleep Fast, Relaxing Music, Sleeping Music #138",2018-05-27 08:29:42+00:00,24664698,107586,0,4971
UQnLBxnkt3Q,"Relaxing Music & Water Sounds: Calm Piano Music, Sleep Music, Peaceful Music ‚òÖ143",2018-05-28 18:49:35+00:00,3237480,16721,0,661
wqHHRcuJ3OU,"30 Minutes of Beautiful Romantic Music: Guitar Music, Violin Music, Cello Music, Piano Music ‚òÖ74",2018-06-12 10:18:13+00:00,15373397,88145,0,2684
HhEB7UpYbyw,"Relaxing Piano Music: Beautiful Relaxing Music, Sleep Music, Peaceful Music, Romantic Music ‚òÖ145",2018-06-15 16:52:11+00:00,10636829,51726,0,1995
FkWHg3lvZXw,Purple Sunset: Ocean Sounds & Relaxing Sleep Music,2018-06-26 10:53:54+00:00,4360973,30870,0,1088
OVct34NUk3U,The Meditative Sounds of the Sea ‚Ä¢ Deep Underwater,2018-06-28 07:44:39+00:00,7098141,53115,0,2023
OVct34NUk3U,The Meditative Sounds of the Sea ‚Ä¢ Deep Underwater,2018-06-28 07:44:39+00:00,7098141,53115,0,2023
St3wrs0ZGN4,"8 Hours of Relaxing Sleep Music: Ocean Waves, Relaxing Music, Sleeping Music, Calming Music ‚òÖ146",2018-07-23 17:28:10+00:00,4357338,27075,0,995
Lp6XlsBm_Lw,You & Me: Relaxing Piano Music & Soft Rain Sounds For Sleep & Relaxation by Peder B. Helland,2018-08-18 12:50:29+00:00,143241713,969060,0,30258
cjkFG6bHGNc,"Relaxing Music & Soft Rain: Sleep Music, Calm Piano Music, Healing Music, Peaceful Music ‚òÖ149",2018-08-24 08:22:07+00:00,19651223,159786,0,4819
SuYwm-wBwBY,You & Me (NO RAIN): Beautiful Relaxing Piano Music By Peder B. Helland For Relaxation & Deep Sleep,2018-09-08 19:34:20+00:00,8942214,53846,0,1916
RQtP1cJTw1c,Beautiful Piano Music Mix with Rain Sounds ‚Ä¢ Relaxing Music by Peder B. Helland,2018-09-28 12:17:31+00:00,6943700,65110,0,1632
AbkWDDmV7-M,Evening Waves ‚Ä¢ Relaxing Piano Music with Ocean Waves,2018-09-30 19:34:34+00:00,4834690,45413,0,2201
sHoh7Ww13dE,"10 Hours of Relaxing Music ‚Ä¢ Calm Piano Music, Sleep Music, Water Sounds, Meditation Music",2018-10-03 20:55:19+00:00,18921065,106801,0,6485
sHoh7Ww13dE,"10 Hours of Relaxing Music ‚Ä¢ Calm Piano Music, Sleep Music, Water Sounds, Meditation Music",2018-10-03 20:55:19+00:00,18921065,106801,0,6485
hlWiI4xVXKY,Sunny Mornings: Beautiful Relaxing Music ‚Ä¢ Peaceful Piano Music & Guitar Music by Peder B. Helland,2018-10-07 15:22:12+00:00,250175211,1644960,0,51642
hlWiI4xVXKY,Sunny Mornings: Beautiful Relaxing Music ‚Ä¢ Peaceful Piano Music & Guitar Music by Peder B. Helland,2018-10-07 15:22:12+00:00,250175211,1644960,0,51642
DGQwd1_dpuc,Relaxing Music with Beautiful Nature - Peaceful Piano & Guitar Music by Soothing Relaxation,2018-10-10 15:45:02+00:00,14385690,90273,0,3544
M5V9CERbLcA,"10 Hours of Relaxing Music ‚Ä¢ Sleep Music, Soothing Piano Music, Sleeping Music",2018-10-11 18:21:00+00:00,16205164,71002,0,2903
lvN7bc9vU7Q,Beautiful Instrumental Music ‚Ä¢ Relaxing Music with Amazing Nature Videos,2018-10-16 06:57:44+00:00,6694087,61839,0,2744
iYzErL7ATMo,"Guided Meditation with 'Aura' for Deep Sleep - Fly Through Space with Relaxing Music, feat. @Auravoicemusic",2018-10-21 19:58:27+00:00,749381,7507,0,419
yw1Du5rl3Bg,No Worries ‚Ä¢ 10 Hours of Rain Sounds and Calming Music for Sleeping,2018-10-22 15:28:40+00:00,9625151,75378,0,2102
4oY3v0jAWr4,Deep Space ‚Ä¢ Ambient Meditation and Sleep Music from Soothing Relaxation,2018-10-24 16:01:29+00:00,5406465,50881,0,1965
5gBJrZmbGLo,"Relaxing Music & Campfire ‚Ä¢ Relaxing Guitar Music, Soothing Music, Calm Music",2018-10-26 02:30:00+00:00,6158077,48630,0,1902
k7LhdJPUTQ0,"Rainy Day ‚Ä¢ Relaxing Piano Music with Soft Rain Sounds | Sleep, Study, Relax",2018-10-26 23:34:31+00:00,18762477,157557,0,3677
fJR_VHssisM,Peder B. Helland - Japanese Garden,2018-10-29 12:53:06+00:00,270256,2678,0,196
78bIOn68a5c,Peder B. Helland - Evening Waves,2018-10-30 04:00:00+00:00,358886,3688,0,188
SYtYNyESj8I,Peder B. Helland - Always,2018-10-31 12:15:30+00:00,674562,4097,0,358
o8GrqUSdzi0,"Relaxing Music & Rain Sounds - Beautiful Piano Music, Background Music, Sleep Music ‚Ä¢ You & Me",2018-11-01 12:02:37+00:00,124082846,620023,0,29093
D4BZshNWJMc,Beautiful Instrumental Music: Peder B. Helland - Our Future,2018-11-07 09:40:29+00:00,12522875,56785,0,1860
D1lH55N72U0,Peaceful Morning Music: Peder B. Helland - Sunny Mornings,2018-11-08 09:42:46+00:00,9081679,47264,0,1625
_DU7YqQmdtY,Emotional Piano Music: Peder B. Helland - Our Journey,2018-11-09 14:46:52+00:00,470052,3643,0,169
9uIk_91GQYI,Beautiful Relaxing Music ‚Ä¢ Calm Piano Music & Guitar Music with Birds Singing,2018-11-14 00:04:27+00:00,31602834,209745,0,6350
vlrPhfrdges,Peder B. Helland - Early in the Morning,2018-11-28 17:55:39+00:00,3442171,20400,0,705
8fJy_j0h8oU,"Warm Light ‚Ä¢ Relaxing Flute, Guitar & Piano Music with Birds Singing",2019-01-09 13:53:04+00:00,14749618,99763,0,2984
TCWXbtqbxaw,The Eagle: Fantasy Flute Music with Birds Singing & Relaxing Nature,2019-01-24 15:10:00+00:00,1588939,15958,0,591
oYYwwnSqxGA,"The Spa: Soft Piano Music for Spa, Massage, Yoga & Meditation with Water Sounds",2019-01-26 01:32:22+00:00,10715507,79874,0,1588
oYYwwnSqxGA,"The Spa: Soft Piano Music for Spa, Massage, Yoga & Meditation with Water Sounds",2019-01-26 01:32:22+00:00,10715507,79874,0,1588
Wqx06DtYIZs,"Let Your Thoughts Wander with Ocean Waves, Calm Piano Music and Beautiful Nature",2019-01-31 10:14:53+00:00,3906199,35237,0,1051
Wqx06DtYIZs,"Let Your Thoughts Wander with Ocean Waves, Calm Piano Music and Beautiful Nature",2019-01-31 10:14:53+00:00,3906199,35237,0,1051
T8yEdNx4dB0,Quiet Night: Deep Sleep Music with Black Screen - Fall Asleep with Ambient Music,2019-02-17 10:20:37+00:00,46275321,265708,0,9223
0nJAtNKcqW4,Deep Meditation Music ‚Ä¢ 'Northern Lights' (3 Hours),2019-02-20 00:20:30+00:00,234601,2500,0,207
H9Hwvrp4Qtk,Beautiful Peaceful Music: Peder B. Helland - Warm Light,2019-02-21 00:06:23+00:00,5781485,26770,0,1016
4NrpprUAa2U,Beautiful Relaxing Music - Soothing Piano Music & Guitar Music with Birds Chirping,2019-02-25 17:34:05+00:00,10139351,39449,0,4297
zT0-tOian_Q,You & Me: Relaxing Piano Music with Rain Sounds by Peder B. Helland,2019-02-26 10:32:58+00:00,3231928,31700,0,885
jFsyhKYm4Dc,Relaxing Sleep Music & Gentle Rain Sounds - Deep Ambient Music for Sleeping with Black Screen,2019-02-27 13:54:50+00:00,391600,3762,0,208
jFsyhKYm4Dc,Relaxing Sleep Music & Gentle Rain Sounds - Deep Ambient Music for Sleeping with Black Screen,2019-02-27 13:54:50+00:00,391600,3762,0,208
8ucy-jPioUc,Peder B. Helland - Peaceful Day,2019-03-02 12:59:25+00:00,393113,3440,0,216
kY1F_Y0GniQ,Beautiful Relaxing Music - Calming Piano & Guitar Music by Soothing Relaxation,2019-03-03 09:04:54+00:00,9089990,59573,0,2111
kY1F_Y0GniQ,Beautiful Relaxing Music - Calming Piano & Guitar Music by Soothing Relaxation,2019-03-03 09:04:54+00:00,9089990,59573,0,2111
lwREvDtxxTE,Sunny Days: Peaceful Morning Music by Peder B. Helland,2019-03-10 22:28:56+00:00,1768408,7415,0,427
Brqx0NjJNCk,"My Love: Soft Piano Music & Rain Sounds For Sleep, Relaxation & Focus",2019-03-12 14:19:54+00:00,1134732,11048,0,504
UxOpnhY6ObU,"Fantasy Flute Music: ""Dance of Life"" by Peder B. Helland",2019-03-14 18:23:27+00:00,1346616,8656,0,412
Pw3mhrf7Uuo,"Mysterious Fantasy Music ‚Ä¢ ""A Dream"" by Peder B. Helland",2019-03-21 18:17:20+00:00,628064,5825,0,403
Pw3mhrf7Uuo,"Mysterious Fantasy Music ‚Ä¢ ""A Dream"" by Peder B. Helland",2019-03-21 18:17:20+00:00,628064,5825,0,403
YhukQAzOwXI,"Romantic Instrumental Music ‚Ä¢ ""Feelings"" by Peder B. Helland",2019-03-28 18:06:24+00:00,472489,4845,0,212
CU2Ggx2UyVE,"[NO ADS] 12 Hours of Relaxing Sleep Music, Rain Sounds & Black Screen",2019-04-03 11:22:09+00:00,1478501,10276,0,589
FMrtSHAAPhM,Relaxing Music with Birds Singing - Beautiful Piano Music & Guitar Music by Soothing Relaxation,2019-04-04 17:15:32+00:00,45968203,342165,0,9867
FMrtSHAAPhM,Relaxing Music with Birds Singing - Beautiful Piano Music & Guitar Music by Soothing Relaxation,2019-04-04 17:15:32+00:00,45968203,342165,0,9867
c2BsnKcN-k0,"10 Hours of Soothing Music for Sleep, Meditation, Focus or Relaxation with Black Screen",2019-04-09 18:41:58+00:00,263512,3385,0,189
v-t3L7nWEbg,Calm Wind: Listen To This Music When You Miss The Forest,2019-04-15 16:48:11+00:00,11176064,85281,0,2197
VADfDjLrYRA,"Beautiful Relaxing Music, Vol. 1 ~ Light Piano, Guitar & Flute Music with Birds Singing",2019-04-16 10:22:05+00:00,17184440,168411,0,4875
lV0qsHKM0Nk,"Deep Sleep Music - Relaxing Music for Sleeping, Stress Relief & Meditation",2019-04-16 23:28:55+00:00,10144946,80352,0,2914
lV0qsHKM0Nk,"Deep Sleep Music - Relaxing Music for Sleeping, Stress Relief & Meditation",2019-04-16 23:28:55+00:00,10144946,80352,0,2914
8Iz6ui9Y8c4,Peder B. Helland - Morning Whisper,2019-04-17 18:17:35+00:00,1543559,8443,0,379
-Qy3LJhWKRI,Far Away: Calming Your Mind and Body with Deep Music,2019-04-21 18:00:17+00:00,416930,4531,0,194
1zKAz1vDDsc,Relaxing Music & Soft Rain Sounds - Peaceful Piano Music for Sleep & Relaxation,2019-04-28 18:00:01+00:00,10123081,80212,0,2260
1zKAz1vDDsc,Relaxing Music & Soft Rain Sounds - Peaceful Piano Music for Sleep & Relaxation,2019-04-28 18:00:01+00:00,10123081,80212,0,2260
vfnGJOTtp0k,Beautiful Bansuri Flute & Cello Music with Guitar & Piano Accompaniment,2019-05-05 18:00:56+00:00,620519,6172,0,270
vfnGJOTtp0k,Beautiful Bansuri Flute & Cello Music with Guitar & Piano Accompaniment,2019-05-05 18:00:56+00:00,620519,6172,0,270
dImlzN_cqp4,"[NO ADS] Far Away: 10 Hours of Deep Relaxing Music for Sleep, Meditation & Relaxation",2019-05-08 14:38:32+00:00,2499653,13145,0,852
8uYnqYPQv2I,"10 Hours of Calming Piano & Guitar Music - Sleep, Chill, Relax, Yoga, BGM (Early in the Morning)",2019-05-19 19:44:18+00:00,1883456,13715,0,431
BMdfX3LnHK0,"Wandering Thoughts - Relaxing Piano Music for Sleeping, Studying & Relaxation",2019-05-22 15:06:27+00:00,5927100,50365,0,2069
WrPEut7HH3A,Peder B. Helland - Within,2019-05-29 21:51:50+00:00,246862,3447,0,227
WrPEut7HH3A,Peder B. Helland - Within,2019-05-29 21:51:50+00:00,246862,3447,0,227
LpUgu8nT1nI,"Beautiful Relaxing Music, Vol. 2 ~ Instrumental Music by Peder B. Helland",2019-06-09 18:00:02+00:00,3861585,41084,0,1790
rlWMDYpI7fM,Peder B. Helland - Deep in the Forest,2019-06-16 18:00:06+00:00,1184255,10638,0,755
PxnegJdRnUg,Soothing Soundscape for Insomnia Relief,2019-06-30 18:00:08+00:00,859533,8180,0,296
lpNgST3RX4Q,"Deep Relaxing Music, Vol. 1 - Ambient Music for Sleep, Meditation, Focus & Relaxation",2019-07-07 18:00:30+00:00,1050749,10262,0,374
1e2hBzSa920,"My Rose ‚Ä¢ Peaceful Piano, Cello & Guitar Music by Soothing Relaxation",2019-07-14 18:00:00+00:00,2899816,29004,0,1126
Tl1BSJmxG7g,"The Secret - Peaceful Duduk, Piano, Cello & Guitar Music by Soothing Relaxation",2019-07-21 18:00:03+00:00,328829,4364,0,251
laEobKuietU,Peder B. Helland - Wonder,2019-07-28 18:00:04+00:00,215889,3388,0,231
NFf2ZD1X6lM,Calm ‚Ä¢ Relaxing Piano Music & Bird Sounds | Peaceful Sleep Music,2019-08-04 18:00:02+00:00,7116864,64937,0,2163
pTEg_gDuPyw,"Long Road ‚Ä¢ Relaxing Piano Music & Soft Rain Sounds for Sleep, Focus, Studying or Relaxation",2019-08-11 18:00:04+00:00,1995689,18711,0,582
pTEg_gDuPyw,"Long Road ‚Ä¢ Relaxing Piano Music & Soft Rain Sounds for Sleep, Focus, Studying or Relaxation",2019-08-11 18:00:04+00:00,1995689,18711,0,582
UOHP8JSEJRk,11M+ People Have Fallen Asleep To This Sleep Music,2019-08-25 18:00:03+00:00,11898419,94973,0,3539
2OEL4P1Rz04,"The Hidden Valley: Beautiful Relaxing Music for Stress Relief, Sleep & Meditation",2019-09-04 13:08:32+00:00,46306080,299318,0,12661
Kkl67_xgWro,Wonderfully Relaxing Ambient Music for Deep Meditation,2019-09-08 18:02:24+00:00,374310,4907,0,344
N7ESSn0SdGc,Relaxing Music & The Beauty Of Earth: A Soothing Journey,2019-09-17 20:10:06+00:00,680768,8976,0,522
6zGQSWib32E,10 Hours of Relaxing Sleep Music With Black Screen After 1 Hour,2019-09-22 18:00:01+00:00,3014793,21408,0,852
6GVgncA9oiw,"Beautiful Relaxing Music ‚Ä¢ Peaceful Piano, Cello & Guitar Music by Soothing Relaxation",2019-10-17 13:32:01+00:00,19625268,157529,0,5444
7Zo3S3uLeFo,Peder B. Helland feat. Uriel Vega - Always,2019-10-22 18:04:55+00:00,251633,3937,0,294
TwXilp2mUtE,"Beautiful Relaxing Music for Stress Relief ‚Ä¢ Meditation Music, Sleep Music, Ambient Study Music",2019-11-01 15:11:03+00:00,12257108,75817,0,3611
tpYnYczNkQc,"Calm Piano Music with Beautiful Winter Photos ‚Ä¢ Soothing Music for Studying, Relaxation or Sleeping",2019-11-07 11:09:36+00:00,7593767,53737,0,2408
tpYnYczNkQc,"Calm Piano Music with Beautiful Winter Photos ‚Ä¢ Soothing Music for Studying, Relaxation or Sleeping",2019-11-07 11:09:36+00:00,7593767,53737,0,2408
V1RPi2MYptM,"Relaxing Zen Music with Water Sounds ‚Ä¢ Peaceful Ambience for Spa, Yoga and Relaxation",2019-11-08 23:05:43+00:00,59926193,388870,0,18191
nlVZ08ELMiA,Relaxing Sleep Music with Black Screen After 1 Hour - Deep & Calming Background Music,2019-11-19 12:46:47+00:00,1229846,10820,0,569
Uj_EXU8Mdws,Peder B. Helland - Flying (Full Album),2019-12-20 13:05:41+00:00,2420475,33285,0,1448
Uj_EXU8Mdws,Peder B. Helland - Flying (Full Album),2019-12-20 13:05:41+00:00,2420475,33285,0,1448
VBQ1sE1Qwoc,"Raindrops ‚Ä¢ Relaxing Piano Music with Tropical Rain Sounds for Sleep, Work or Meditation",2020-01-16 09:02:03+00:00,9954234,90827,0,3045
rU5lm-4vGyE,Black Screen After 1 Hour & Sleep Music ‚Ä¢ Frozen in Time,2020-01-18 15:01:12+00:00,951912,8698,0,476
38RcukYy5JA,"Beautiful Fantasy Music with Ethereal Voices, Cello & Piano ‚Ä¢ Unknown Lands by Peder B. Helland",2020-01-24 12:20:18+00:00,6313215,89166,0,3804
lh4JdZTJe7k,"12 Hours of Relaxing Sleep Music for Stress Relief, Sleeping & Meditation (Flying)",2020-01-27 12:11:20+00:00,40006986,174577,0,11731
lh4JdZTJe7k,"12 Hours of Relaxing Sleep Music for Stress Relief, Sleeping & Meditation (Flying)",2020-01-27 12:11:20+00:00,40006986,174577,0,11731
zQNyBlvmk9g,Relaxing Piano Music & Soft Rain Sounds ‚Ä¢ Background Sleep Music | Raindrops (Extended),2020-01-31 22:32:12+00:00,8281558,76085,0,1877
rGS40T-jIwA,Peder B. Helland - Sunny Mornings (Full Album),2020-02-21 16:32:09+00:00,3257906,33843,0,1308
OU69MXgrtnI,Relaxing Fantasy Music With Water Sounds ‚Ä¢ Beyond,2020-03-17 12:00:59+00:00,251281,4686,0,404
CT0nLaQbidc,Thoughtful: Beautiful Relaxing Music by Peder B. Helland,2020-03-18 18:35:37+00:00,4161323,21818,0,986
LBffyRfYkU0,I'll Stay ‚Ä¢ Relaxing Piano Music for Sleeping & Studying feat. Norway | Soothing World,2020-03-20 15:09:38+00:00,1424071,13143,0,845
uD9VAaEFdWc,Peder B. Helland - Rose Petals,2020-03-22 17:18:39+00:00,789459,7087,0,485
5dhxKwr6G5c,Starry Night ‚Ä¢ 12 Hours of Ambient Sleep Music | Black Screen,2020-03-26 12:32:14+00:00,13354200,46199,0,1901
Rm8saxTsvA8,Peder B. Helland - I Miss You,2020-03-27 13:55:25+00:00,400926,6387,0,366
h287bt6jSjA,Deep Sleep Music for Falling Asleep & Sleeping with Black Screen ‚Ä¢ Ambient Relaxation Music,2020-04-05 16:48:25+00:00,6157025,51482,0,2112
LOCmwzYD6Tc,"Beautiful Piano Music, Vol. 4 | Relaxing Music for Studying, Work or Relaxation",2020-04-15 12:16:19+00:00,1037699,12926,0,734
CzQGl0Vpe0k,Beautiful Relaxing Music By Peder B. Helland For 3 Hours,2020-05-07 05:53:20+00:00,3449018,31347,0,1355
6h69W_Ymu8Q,"Calming Piano Music with Rain & Thunder Sounds for Sleep or Relaxing ‚Ä¢ ""Rainy Day""",2020-05-11 08:02:03+00:00,15349932,112644,0,3588
by7-wS-MYXo,Peder B. Helland - Together,2020-05-13 16:44:43+00:00,473225,6631,0,436
gu8X8jYGM2g,Peder B. Helland - Trust Me,2020-05-14 07:29:56+00:00,389100,6769,0,446
MT5qPoiyFi0,Relaxing Sleep Music with Rain & Thunder Sounds ‚Ä¢ Ambient Sleeping Music to Fall Asleep to,2020-05-19 21:39:02+00:00,1259451,12190,0,690
LXK3sphcbAQ,"High Above: Beautiful Relaxing Music for Stress Relief ‚Ä¢ Relax, Sleep, Meditate, Study",2020-06-03 09:12:50+00:00,16740652,116416,0,3482
TdRRJxK0880,"Beautiful Relaxing Music with Stunning Nature in 4K ‚Ä¢ Relax, Sleep, Meditate, Study (Wonderland)",2020-07-01 15:00:15+00:00,5259007,50196,0,2102
W_5KRanp5DQ,Peder B. Helland - Rainy Days (Full Album),2020-07-08 14:07:48+00:00,773260,12895,0,778
-CDH2fN7XXA,"Calm Marimba Music & Water Sounds in Aquarium ‚Ä¢ Sleep, Relax, Spa, Yoga, Zen Meditation",2020-07-23 19:58:22+00:00,7471254,31561,0,1731
lDSYAZt0Zs8,"Relaxing Zen Music with Water Sounds ‚Ä¢ Relax, Sleep, Spa, Yoga, Meditation",2020-08-10 07:30:16+00:00,21449098,167312,0,5736
xNrjPIFNK00,Peder B. Helland - Beyond,2020-09-04 15:20:18+00:00,538826,6423,0,605
4c7W97Ulo6Y,Peder B. Helland - A New Beginning,2020-09-10 12:20:06+00:00,296232,5688,0,625
gZZRFf2v5wQ,"Ambient Fantasy Music with Beautiful Nature in 4K ‚Ä¢ Relaxing, Sleeping, Meditation, Study, Yoga",2020-09-22 12:09:37+00:00,3797927,43815,0,1990
gZZRFf2v5wQ,"Ambient Fantasy Music with Beautiful Nature in 4K ‚Ä¢ Relaxing, Sleeping, Meditation, Study, Yoga",2020-09-22 12:09:37+00:00,3797927,43815,0,1990
1bLTSokZHsU,"8 Hours of Relaxing Sleep Music for Stress Relief ‚Ä¢ Beautiful Piano Music, Vol. 3",2020-09-30 14:59:08+00:00,19168416,114206,0,5799
1bLTSokZHsU,"8 Hours of Relaxing Sleep Music for Stress Relief ‚Ä¢ Beautiful Piano Music, Vol. 3",2020-09-30 14:59:08+00:00,19168416,114206,0,5799
gF-FFtv1qE4,Always (8-Hour Version with Rain) ‚Ä¢ Piano Music for Sleeping,2020-10-11 18:24:42+00:00,1542348,19415,0,2023
f69kgisswsE,"Lake Saimaa, Finland ‚Ä¢ Relax with Soothing Water Sounds & Beautiful Moonlight",2020-11-09 10:15:46+00:00,274859,3644,0,401
zmK9e8AKzXE,Eternity (10-Hour Version) ‚Ä¢ Calm Sleep Music for Stress Relief,2020-11-14 07:55:56+00:00,1139899,12812,0,1502
_j37WnwmzSI,Instrumental Christmas Music: Peder B. Helland - O Holy Night (Album),2020-12-11 08:59:17+00:00,5446608,65920,0,2202
VBeI52UoWX8,Angels We Have Heard on High ‚Ä¢ Instrumental Christmas Music (4K),2020-12-12 13:00:18+00:00,188372,2456,0,205
VBeI52UoWX8,Angels We Have Heard on High ‚Ä¢ Instrumental Christmas Music (4K),2020-12-12 13:00:18+00:00,188372,2456,0,205
AvRRlTXMnHU,Silent Night ‚Ä¢ Instrumental Christmas Song (4K),2020-12-12 17:11:50+00:00,167296,2780,0,210
AvRRlTXMnHU,Silent Night ‚Ä¢ Instrumental Christmas Song (4K),2020-12-12 17:11:50+00:00,167296,2780,0,210
iBo6IoX5_tY,"O Come, All Ye Faithful ‚Ä¢ Instrumental Christmas Carol (4K)",2020-12-13 04:00:10+00:00,151931,2394,0,197
iBo6IoX5_tY,"O Come, All Ye Faithful ‚Ä¢ Instrumental Christmas Carol (4K)",2020-12-13 04:00:10+00:00,151931,2394,0,197
N6k_PSa8sro,Fairest Lord Jesus ‚Ä¢ Instrumental Christmas Music (4K),2020-12-13 14:00:10+00:00,167239,2153,0,203
N6k_PSa8sro,Fairest Lord Jesus ‚Ä¢ Instrumental Christmas Music (4K),2020-12-13 14:00:10+00:00,167239,2153,0,203
tqfm8yFodAc,It Came Upon a Midnight Clear ‚Ä¢ Traditional Christmas Music (4K),2020-12-14 04:00:06+00:00,202777,2845,0,243
Cpfq1R9oOxA,In the Bleak Midwinter ‚Ä¢ Relaxing Christmas Music (4K),2020-12-14 15:00:12+00:00,233843,3114,0,307
XMgxfkwZL4k,O Holy Night (Looped Album) ‚Ä¢ Instrumental Christmas Music,2020-12-14 22:16:29+00:00,16934933,142416,0,5447
XMgxfkwZL4k,O Holy Night (Looped Album) ‚Ä¢ Instrumental Christmas Music,2020-12-14 22:16:29+00:00,16934933,142416,0,5447
UWmVAyLQjtk,"The Eagle ‚Ä¢ Relaxing Flute Music for Meditation, Yoga & Sleep",2021-01-24 11:26:50+00:00,449657,6863,0,645
h-Uq8fkbguQ,"'The Elves' (Teaser) by @PederBHellandMusic ‚Ä¢ Coming January 29, 2021 at 2 pm (UTC)",2021-01-27 12:44:52+00:00,278613,2399,0,209
ewMDxrpj3x0,The Elves ‚Ä¢ Beautiful Fantasy Music for Relaxation,2021-01-29 14:00:10+00:00,890094,15649,0,1206
OpmZld7KWfo,"Endless ‚Ä¢ Music for Sleep, Meditation, Yoga & Mindfulness (Preview) #Shorts",2021-02-01 17:05:03+00:00,589755,12141,0,363
_PnihF6j9oM,Endless: Deep Ambient Music for Relaxation & Meditation,2021-02-04 14:00:10+00:00,2262545,25856,0,1869
U3vPDJ8nTcs,Flying (Radio Edit) ‚Ä¢ Relaxing Sleep Music (Preview) #Shorts,2021-03-05 12:46:30+00:00,696988,17007,0,601
A1IYf7fKdhY,"Dreaming ‚Ä¢ Relaxing Zen Music with Water Sounds for Sleep, Spa & Meditation",2021-03-23 17:45:37+00:00,8261490,48220,0,2689
u4pQ7O8uQRw,"Spring ‚Ä¢ Beautiful Relaxing Music with a Flute, Cello, Guitar & Piano",2021-04-08 08:53:39+00:00,7566237,73652,0,3371
KWaTiYwsOXo,Relax in a Field of Flowers With Peaceful Music,2021-04-14 15:40:07+00:00,988675,16456,0,1133
QQ-WACJqc4Y,26 Relaxing Piano Pieces by Peder B. Helland (4K),2021-04-30 05:50:09+00:00,4668653,48478,0,2471
tM26je4jm1s,19 Beautiful Music Tracks by Peder B. Helland,2021-06-16 14:04:22+00:00,2405156,33868,0,1801
jCqpzClUw1w,Stardust ‚Ä¢ Relaxing Fantasy Music with Beautiful Night Skies,2021-08-13 07:20:24+00:00,2552670,35298,0,1626
pnYPFp5gZVE,Stardust ‚Ä¢ Beautiful Relaxing Music & Starry Night (Preview) #Shorts,2021-08-13 15:12:50+00:00,521675,16545,0,325
keEeR4IoZtw,Flying: Sleep Music & Relaxing Nature Sounds In A Gorgeous Forest,2021-08-20 16:27:59+00:00,1669584,20423,0,1802
LMLVoeErvWo,Welcome to Soothing Relaxation üíö Home of Relaxing Music & Beautiful Nature,2021-09-02 08:39:51+00:00,1625435,62677,0,856
GBII_BQ9kF4,Spirit ‚Ä¢ Beautiful Ethereal Music for Relaxation & Meditation,2021-10-28 06:46:39+00:00,1038190,17950,0,851
ldgjk2GipP8,"Beautiful Piano Music, Vol. 5 | Relaxing Music by Peder B. Helland",2021-11-03 14:42:22+00:00,803886,11012,0,720
d_ZrXMGqSms,"8 Hours of Beautiful Piano Music for Sleeping, Vol. 5 | Soothing Relaxation",2021-11-04 10:11:09+00:00,1229275,11546,0,759
F_ErGZ5EmSM,Silent Night ‚Ä¢ Ethereal & Relaxing Christmas Music arranged by Peder B. Helland,2021-11-09 08:54:32+00:00,747744,12931,0,1459
1vVbWwsT6jE,"The Most Relaxing Piano, Guitar & Cello Music by Peder B. Helland",2022-01-19 13:53:44+00:00,1065947,15569,0,1145
6-NKG-8HB-U,Deep Relaxing Music for Sleep & Meditation ‚Ä¢ Tranquility (Preview) #Shorts,2022-02-21 18:54:25+00:00,360712,9486,0,153
FbXCjfwNORA,Tranquility ‚Ä¢ Deep Relaxing Music for Sleep and Meditation by Peder B. Helland,2022-02-22 16:29:21+00:00,2377312,19866,0,1427
OUQu5EN9SRo,Start Your Day with Relaxing Music #Shorts,2022-02-23 18:08:44+00:00,361426,8481,0,155
W26sLdC04Nw,Relaxing Music & Rain Sounds üò¥üòç #Shorts,2022-02-28 04:00:05+00:00,596818,18530,0,381
zLH3iZKvhKg,The Most Beautiful Meditation Music by Peder B. Helland,2022-03-10 10:03:11+00:00,1198335,15317,0,640
ce0cDkNYohk,Deep Space: Sleep Music While You Fly Through Space,2022-03-14 14:26:42+00:00,764867,9282,0,536
A0imfH98rxA,Reflections: Escape To Dreamland With Beautiful Sleep Music,2022-03-18 15:16:21+00:00,1104402,17570,0,1023
AgwBbOl7_Cs,Kes√§: Calm Instrumental Music & Summer Sunshine,2022-07-02 10:39:11+00:00,237791,4497,0,380
8Qqh3bLvUwo,Close your eyes and relax üíö Music: 'Kes√§' by Peder B. Helland,2022-07-06 11:03:23+00:00,167624,5649,0,97
8Qqh3bLvUwo,Close your eyes and relax üíö Music: 'Kes√§' by Peder B. Helland,2022-07-06 11:03:23+00:00,167624,5649,0,97
C7SdZmEoH_s,"Deep Ambient Music for Relaxation, Sleep, Meditation & Mindfulness üíö",2022-07-07 13:30:36+00:00,262571,9896,0,127
433Ekmv2wf4,Time: You're Meditating In The Sunset With Relaxing Music,2022-07-12 07:06:24+00:00,380850,5451,0,383
pqWPqjpz2vo,The Moment: Relax In A Rain Forest With Soft Piano Music,2022-07-20 13:52:09+00:00,517013,6222,0,408
u2zb4D9Tf4s,Welcome to Soothing Relaxation üíö Home of Relaxing Music & Beautiful Nature,2022-07-25 13:00:36+00:00,216402,4347,0,98
8mfOLXwBFWQ,Time: Sleep In The Mountains with Relaxing Music & Water Sounds,2022-07-27 09:54:08+00:00,647502,6349,0,484
GMrwWG1KjdU,Close Your Eyes: Relax With Tranquil & Serene Ambient Music,2022-08-08 11:40:45+00:00,1149846,10028,0,1004
Fe3221C6Ytk,Relaxing Music & Fireplace Sounds ‚Ä¢ Welcome to Soothing Relaxation,2022-08-25 13:00:15+00:00,319804,4483,0,189
Fe3221C6Ytk,Relaxing Music & Fireplace Sounds ‚Ä¢ Welcome to Soothing Relaxation,2022-08-25 13:00:15+00:00,319804,4483,0,189
2OM7adQl-YQ,"Beautiful Piano Radio üéπ Relaxing Music for Sleep, Studying & Relaxation 24/7",2022-11-21 10:32:26+00:00,3261197,10408,0,0
-5ajVJ1Yxlg,Rainy Piano Radio üåßÔ∏è Relaxing Music with Rain Sounds 24/7,2022-11-21 10:41:21+00:00,7154580,31739,0,0
cMa0a21KgH4,Merry Christmas from Soothing Relaxation! üéÖ‚ù§,2022-11-23 14:17:56+00:00,221951,8793,0,101
cMa0a21KgH4,Merry Christmas from Soothing Relaxation! üéÖ‚ù§,2022-11-23 14:17:56+00:00,221951,8793,0,101
INHrx4K3lpM,Ice: Ethereal & Epic Meditation Music for Relaxation by Peder B. Helland,2022-11-23 15:57:09+00:00,262389,3416,0,350
nilovedbc_I,"When piano music makes you fall asleep... ‚Ä¢ ""You & Me"" by Peder B. Helland #shorts",2022-12-05 22:21:56+00:00,68062,2749,0,78
05HfVCu09PQ,Welcome to Soothing Relaxation - Home of Relaxing Music and Beautiful Nature üò¥,2022-12-12 18:30:16+00:00,70852,2317,0,57
fJYdm2uEvGU,Relax for 1 minute with beautiful piano music üò¥üíö,2022-12-14 12:40:44+00:00,121447,5364,0,113
IMGWH8c2E5k,POV: You fall asleep while your friend is improvising dreamy piano music,2022-12-19 11:44:53+00:00,197023,3484,0,361
BirAwHctifo,Relaxing Piano Music + Ocean Waves =  üíô,2023-01-16 11:08:29+00:00,53029,2355,0,51
GLR4q58ZzHE,Find Inner Peace with Spa Music & Running Water Sounds,2023-01-17 14:28:58+00:00,230673,3915,0,260
GLR4q58ZzHE,Find Inner Peace with Spa Music & Running Water Sounds,2023-01-17 14:28:58+00:00,230673,3915,0,260
xAqwYyVtjH0,Relaxing Sleep Music & Calm Water Sounds by Peder B. Helland üò¥ #sleepmusic,2023-01-23 10:21:02+00:00,183807,5127,0,66
xAqwYyVtjH0,Relaxing Sleep Music & Calm Water Sounds by Peder B. Helland üò¥ #sleepmusic,2023-01-23 10:21:02+00:00,183807,5127,0,66
3dsbgEtoAKw,Who Loves The Combination of Birds & Relaxing Music? #relaxingmusic,2023-01-25 17:26:08+00:00,19754,906,0,38
Y4JiDTbagXw,One of Peder B. Helland's Most Beautiful Piano Pieces ü•∞ #piano,2023-01-25 17:52:54+00:00,32169,1367,0,39
1i5jdJ_OAW0,"What if ""You & Me"" by Peder B. Helland had a cello part? #relaxingmusic",2023-01-25 22:03:40+00:00,27865,985,0,71
3pnVmgyWP_k,There's something special about piano music & rain sounds together üíô,2023-01-26 06:37:03+00:00,36532,1483,0,40
efnYrULnpTs,Relaxing Piano Music & Rain Sounds For Sleep | Welcome to Soothing Relaxation üíö,2023-01-26 10:03:43+00:00,36085,1389,0,28
vLt7djQoNoE,"Relaxing Piano Music by Peder B. Helland: ""A New Day"" ‚ù§",2023-01-26 12:11:31+00:00,29584,1141,0,25
Yuv8HyFmKTg,POV: You're falling asleep under the moon with relaxing sleep music & ocean sounds,2023-01-26 15:55:39+00:00,53540,1799,0,32
ubldyY48aQo,The Most Beautiful Meditation Music by Peder B. Helland?,2023-01-26 16:00:03+00:00,53416,1726,0,41
ubldyY48aQo,The Most Beautiful Meditation Music by Peder B. Helland?,2023-01-26 16:00:03+00:00,53416,1726,0,41
RAJqQrL3ahU,"Relaxing Romantic Guitar & Piano Music: ""Feelings"" by Peder B. Helland",2023-01-26 16:09:59+00:00,28160,1037,0,35
pmygzZC9F-g,"Bamboo Water Sounds & Relaxing Piano Music For Sleeping, Spa & Yoga",2023-01-27 23:40:00+00:00,366863,8615,0,82
ddKzbOwl7kg,"Our Journey: Beautiful, Soft &  Relaxing Piano Music |  Soothing Relaxation",2023-01-29 09:00:32+00:00,94094,3782,0,76
3oAwbUTdf54,Take A Deep Breath üíô Relaxing Zen Music with Peaceful Water Sounds,2023-01-30 08:39:53+00:00,492320,13496,0,184
QBolCtdmtxo,Dreamy Sleep Music For Insomnia Relief By Peder B. Helland,2023-01-30 09:54:56+00:00,468119,4520,0,281
EL6PXEIV9KQ,Who's Ready For New Relaxing Music On Soothing Relaxation? üëÄ,2023-01-30 18:02:51+00:00,36038,1166,0,36
SeuEw4LVOEI,"Relaxing Music Challenge with Peder B. Helland, part 1 | Flute + Creek",2023-01-31 14:46:40+00:00,42487,702,0,33
NLOufDt6WaM,Fall Asleep Quickly With Deep Sleep Music üò¥ #relaxingmusic,2023-02-01 04:25:00+00:00,52035,1283,0,20
gqUrgYRHG8s,"Peder B. Helland Makes Beautiful Relaxing Music Live, part 1",2023-02-01 09:53:57+00:00,46152,1627,0,139
BdiDTYGvjmI,The Sea: Relax With Soothing  Harp Music #relaxingmusic,2023-02-02 05:38:00+00:00,38580,914,0,16
cjXP9Is7gQg,"Relaxing Music Challenge with Peder B. Helland, part 2 | Piano + Fireplace",2023-02-02 15:02:02+00:00,62299,1115,0,38
lEhU7IVi7MQ,"Peder B. Helland Makes Beautiful Relaxing Music Live, part 2",2023-02-02 15:31:16+00:00,61370,1199,0,49
lEhU7IVi7MQ,"Peder B. Helland Makes Beautiful Relaxing Music Live, part 2",2023-02-02 15:31:16+00:00,61370,1199,0,49
cQtj3xH-Sy0,Beautiful Relaxing Piano Music with Rain Sounds üò¥ You & Me,2023-02-02 18:19:56+00:00,487332,14841,0,180
HGykSqdQM18,Welcome to Paradise,2023-02-03 14:49:16+00:00,41128,1636,0,40
QjqRG-4EjlI,Sleep With Relaxing Piano Music by Peder B. Helland,2023-02-03 17:05:00+00:00,44028,1568,0,28
xqsykRguAMw,"Peaceful Music with Piano, Guitar & Birds To Start Your Day",2023-02-04 02:41:00+00:00,37723,1242,0,25
zmeBgXVHvos,Beautiful Day: Relaxing Romantic Piano Music,2023-02-04 23:00:25+00:00,335853,9181,0,75
DY5_vVVRIgc,"Water Sounds & Calm Piano Music | Sleep, Meditation, Spa, Yoga, Relax",2023-02-06 15:05:00+00:00,46058,1279,0,29
ewcKwmhrV90,Be Like Sheep,2023-02-06 21:32:37+00:00,39643,1244,0,29
BG3Wthi7pQc,Our Future: Beautiful Relaxing Music by Peder B. Helland,2023-02-07 20:00:04+00:00,38186,1172,0,27
hr7McBLurv4,"Relaxing Music With Cello, Piano & Guitar üíö",2023-02-08 00:20:00+00:00,78588,2296,0,42
iFkwFkNXOcc,Welcome to Soothing Relaxation üíö Have a Soothing Day! üòä,2023-02-09 10:15:33+00:00,39431,937,0,29
DunE6UU-WPk,Fall Asleep With Deep Sleep Music | High Above,2023-02-09 22:03:00+00:00,47262,1218,0,28
rZbjS9YcThs,Rainy Day: Relaxing Piano Music & Soft Rain Sounds,2023-02-10 06:05:00+00:00,176006,6446,0,67
zD0ct2igceg,"Paradise: Beautiful Relaxing Music with Piano, Cello, Duduk, Flute & Violin",2023-02-10 09:05:22+00:00,349481,4832,0,546
CNuoPYp2UjM,Dreaming: Ambient Sleep Music & Golden Moonlight,2023-02-11 19:40:00+00:00,59423,1242,0,39
fLeWES05gaU,Relaxing Fantasy Music by Peder B. Helland,2023-02-11 23:00:18+00:00,49694,1512,0,32
irUDZcG58h8,Relaxing Piano Music üíô  Welcome to Soothing Relaxation,2023-02-13 11:55:01+00:00,64149,1264,0,32
Aga2vbEgAZw,"Bedtime Lullaby: Beautiful, Soft & Relaxing Piano Music | Soothing Relaxation",2023-02-13 23:15:00+00:00,241052,6543,0,72
WgniGw8wC_8,A New Beginning üíö,2023-02-14 23:00:25+00:00,76622,2032,0,44
e-6XIoBtOk4,Fall asleep in a tropical paradise üò¥,2023-02-16 07:20:00+00:00,88069,2260,0,31
e-6XIoBtOk4,Fall asleep in a tropical paradise üò¥,2023-02-16 07:20:00+00:00,88069,2260,0,31
sRDan6eDqTs,My Love: Beautiful and Relaxing Piano Music by Peder B. Helland,2023-02-17 10:05:00+00:00,195762,5101,0,74
WI0lvwlI620,"Relax with Soft Piano Music,  Birds Singing & Beautiful Nature ü•∞",2023-02-18 20:35:00+00:00,124367,3675,0,70
rHwbgFP2eFA,Your friend is improvising on the piano while you work,2023-05-05 13:29:42+00:00,165984,2403,0,261
JATZlh11iy0,I improvise relaxing music for different nature scenes ü•∞ Part 1,2023-05-25 10:28:51+00:00,46531,1255,0,25
YAD4Td1lWYE,I improvise relaxing music for different nature scenes üåä Part 2,2023-05-25 10:34:13+00:00,44367,1462,0,27
xOpWPxjBTJM,Coming soon on Soothing Relaxation üíö,2023-05-26 14:45:47+00:00,46051,1526,0,25
d_AkBMVMOAc,"Secret World: Relaxing Flute Music for Meditation, Relaxation, Yoga & Mindfulness",2023-05-31 09:26:51+00:00,157574,2373,0,423
YRjcqjPG2Tw,"Relaxing Flute Music: ""Secret World"" by Peder B. Helland #relaxingflutemusic",2023-06-01 14:20:15+00:00,125457,3894,0,77
gYbsqQuxobY,Good night from Soothing Relaxation üò¥üíö,2023-06-05 22:09:53+00:00,137815,4000,0,87
SBacM0ENACA,Quiet Woods: Relaxing Flute Music with Rain Sounds for Deep Sleep & Meditation,2023-06-15 05:34:58+00:00,352603,4497,0,505
sEH0RprcM7s,Sleep with Relaxing Flute Music & Rain Sounds üò¥ #relaxingflutemusic #rain #relax,2023-06-26 14:38:30+00:00,113076,3717,0,59
1d4YrHr7qQ0,What Happens If You Combine Duduk & Flute Together ü•∞ #soothing #duduk,2023-07-14 13:06:14+00:00,63587,2004,0,44
xdpar6_svL8,Feedback on a new music composition idea? #composer,2023-07-14 15:58:41+00:00,43612,1213,0,94
gDG7gf4KPcI,My most popular piano track üòä Peder B. Helland - You & Me #piano #relaxingmusic  #soothing,2023-09-13 11:13:26+00:00,69910,4159,0,163
Ydo8_lMI_PA,Singing with the northern lights,2023-09-21 14:36:56+00:00,44557,1286,0,62
3faMR8vMnX0,Peaceful Morning Music with Birds Chirping: Peder B. Helland - Sunrise,2023-09-27 08:51:54+00:00,76074,2867,0,44
QTpFoOkyLJw,"Sunrise: Peaceful Relaxing Music with Piano, Flute, Violin, Guitar & Birds Chirping",2023-09-29 08:24:46+00:00,626735,6960,0,375
zF6PozE2aqU,When you feel nostalgic and improvise on the piano (Yesterday) | Soothing Sessions,2023-09-30 09:54:33+00:00,106053,1837,0,168
kv1ZPuiWbG8,I improvised on the piano while thinking about sunrises | Sunrise (Soothing Sessions),2023-10-16 07:56:38+00:00,120899,2485,0,344
l1qaUeAcB3E,Which version is the most relaxing? Vote in the comments üëÄ,2023-10-18 06:49:59+00:00,55753,1682,0,415
gTA7xW191QE,"Need to wind down after a long day? My new album ""Wonder"" is out now üòÅ #music #composer",2023-12-19 11:06:00+00:00,32330,882,0,33
gTA7xW191QE,"Need to wind down after a long day? My new album ""Wonder"" is out now üòÅ #music #composer",2023-12-19 11:06:00+00:00,32330,882,0,33
oKTj0bfn0oc,Moonlight: Relaxing Sleep Music for Stress Relief & Meditation,2024-01-16 09:41:24+00:00,208822,2812,0,279
oKTj0bfn0oc,Moonlight: Relaxing Sleep Music for Stress Relief & Meditation,2024-01-16 09:41:24+00:00,208822,2812,0,279
n8x6FvjmuWI,Those rainy days with relaxing music... ü•∞  #cozy #relaxingmusic #rain,2024-01-26 12:58:15+00:00,26227,846,0,43
0kEe0h8hGVU,Best of Peder B. Helland üé∂ Beautiful Music Radio with Nature Videos 24/7,2024-02-02 07:47:06+00:00,51755,1297,0,0
i9Yjozs750c,Sleep & Meditation Radio üßò‚Äç‚ôÇÔ∏èDeep Ambient Music with Fireplace 24/7,2024-02-03 14:47:11+00:00,123983,2264,0,0
zcm6nV7Bod8,"Moonlight: Relaxing Zen Music with Nature Sounds for Meditation, Spa, Sleep & Relaxation",2024-02-19 16:13:37+00:00,135507,2154,0,234
uW-468cP5Rk,Peaceful Spa Radio üí¶ Water Sounds & Relaxing Music 24/7,2024-02-27 10:48:45+00:00,212336,3404,0,0
0WjEP29WF5o,"Relaxing Zen Music with Nature Sounds for Meditation, Spa, Sleep & Relaxation",2024-03-05 15:04:06+00:00,48381,2489,0,84
